Mouse ID,Mouse ID
a203,10
a251,10
a262,10
a275,10
a366,7
a401,10
a411,10
a444,10
a457,3
a492,10
a520,10
a577,7
a644,10
a685,10
a699,10
a788,7
a818,10
a897,10
a963,10
b128,10
b313,6
b447,1
b487,6
b559,10
b742,10
b759,7
b879,10
c139,10
c264,10
c282,10
c302,10
c326,2
c402,10
c458,7
c559,10
c580,7
c757,10
c758,10
c766,10
c819,9
c832,10
c895,7
c927,9
d133,1
d164,3
d251,10
d474,9
e213,10
e227,10
e291,6
e476,10
e584,10
e662,10
f129,4
f234,8
f278,2
f345,10
f394,2
f436,4
f545,10
f932,1
f966,5
f993,5
g107,8
g288,10
g296,10
g316,10
g497,10
g558,9
g570,10
g791,10
g867,4
g989,13
h246,10
h333,7
h428,1
h531,2
i177,10
i334,10
i386,9
i477,3
i557,10
i635,10
i669,6
i738,10
i901,10
j119,10
j235,5
j246,8
j296,10
j365,10
j755,10
j913,10
j984,10
j989,10
k210,10
k382,10
k403,10
k483,10
k510,5
k603,5
k754,5
k804,8
k862,10
k894,10
l215,3
l264,3
l471,10
l490,7
l509,10
l558,3
l661,10
l700,10
l725,10
l733,10
l872,1
l897,10
m133,6
m269,10
m331,4
m546,10
m550,10
m601,10
m650,10
m756,2
m957,10
n304,10
n364,10
n482,1
n630,2
n671,7
n678,3
n763,9
n923,9
n967,4
o287,10
o302,7
o331,10
o523,3
o562,10
o725,4
o795,10
o809,8
o813,2
o848,1
o926,10
o973,9
p136,10
p189,10
p310,6
p387,9
p438,10
p981,8
q119,3
q132,7
q483,9
q511,10
q582,8
q597,10
q610,8
q633,10
q787,10
r107,7
r157,4
r554,10
r604,10
r701,10
r811,10
r850,4
r921,7
r944,10
s121,6
s141,7
s152,6
s166,3
s185,10
s187,7
s337,10
s508,10
s565,10
s619,2
s710,10
t198,10
t451,10
t565,10
t573,1
t718,10
t724,10
t994,5
u149,6
u153,1
u196,10
u327,10
u364,10
u946,5
v199,1
v289,6
v295,9
v339,2
v409,3
v603,8
v719,5
v764,4
v766,4
v835,5
v923,10
v989,3
v991,10
w140,2
w150,3
w151,10
w167,8
w193,5
w350,10
w422,10
w540,6
w575,10
w584,7
w678,2
w697,8
w746,2
w914,10
x111,3
x209,3
x226,1
x264,9
x336,1
x401,10
x402,10
x581,10
x613,4
x773,10
x822,10
x930,6
y163,10
y260,10
y449,4
y478,10
y601,2
y769,10
y793,10
y865,10
z234,2
z314,2
z435,3
z578,10
z581,10
z795,10
z969,10
