,Mouse ID,Drug Regimen,Sex,Age_months,Weight (g),Timepoint,Tumor Volume (mm3),Metastatic Sites
0,k403,Ramicane,Male,21,16,0,45.0,0
1,k403,Ramicane,Male,21,16,5,38.82589807,0
2,k403,Ramicane,Male,21,16,10,35.01427146,1
3,k403,Ramicane,Male,21,16,15,34.22399174,1
4,k403,Ramicane,Male,21,16,20,32.99772858,1
5,k403,Ramicane,Male,21,16,25,33.46457735,1
6,k403,Ramicane,Male,21,16,30,31.09949753,1
7,k403,Ramicane,Male,21,16,35,26.54699343,1
8,k403,Ramicane,Male,21,16,40,24.36550471,1
9,k403,Ramicane,Male,21,16,45,22.05012627,1
40,g791,Ramicane,Male,11,16,0,45.0,0
41,g791,Ramicane,Male,11,16,5,45.85153062,0
42,g791,Ramicane,Male,11,16,10,40.17055848,0
43,g791,Ramicane,Male,11,16,15,40.67812852,0
44,g791,Ramicane,Male,11,16,20,41.211897,0
45,g791,Ramicane,Male,11,16,25,35.56939935,1
46,g791,Ramicane,Male,11,16,30,34.95258284,1
47,g791,Ramicane,Male,11,16,35,30.96039194,1
48,g791,Ramicane,Male,11,16,40,31.36940573,1
49,g791,Ramicane,Male,11,16,45,29.12847181,1
50,s508,Ramicane,Male,1,17,0,45.0,0
51,s508,Ramicane,Male,1,17,5,38.71187185,0
52,s508,Ramicane,Male,1,17,10,34.850997899999996,0
53,s508,Ramicane,Male,1,17,15,35.27690634,0
54,s508,Ramicane,Male,1,17,20,35.92865083,0
55,s508,Ramicane,Male,1,17,25,36.33856894,0
56,s508,Ramicane,Male,1,17,30,35.47402235,0
57,s508,Ramicane,Male,1,17,35,35.8461407,0
58,s508,Ramicane,Male,1,17,40,32.79817119,0
59,s508,Ramicane,Male,1,17,45,30.27623175,0
65,m546,Ramicane,Male,18,16,0,45.0,0
66,m546,Ramicane,Male,18,16,5,42.99887638,0
67,m546,Ramicane,Male,18,16,10,43.74822357,0
68,m546,Ramicane,Male,18,16,15,39.89743533,0
69,m546,Ramicane,Male,18,16,20,36.71229535,0
70,m546,Ramicane,Male,18,16,25,37.44444543,0
71,m546,Ramicane,Male,18,16,30,37.96993365,0
72,m546,Ramicane,Male,18,16,35,38.62753581,1
73,m546,Ramicane,Male,18,16,40,35.114575200000004,1
74,m546,Ramicane,Male,18,16,45,30.56462509,1
75,z578,Ramicane,Male,11,16,0,45.0,0
76,z578,Ramicane,Male,11,16,5,42.18878662,0
77,z578,Ramicane,Male,11,16,10,42.95211843,0
78,z578,Ramicane,Male,11,16,15,38.68851607,0
79,z578,Ramicane,Male,11,16,20,36.89001635,0
80,z578,Ramicane,Male,11,16,25,37.41411419,0
81,z578,Ramicane,Male,11,16,30,37.81593487,0
82,z578,Ramicane,Male,11,16,35,38.50482444,0
83,z578,Ramicane,Male,11,16,40,34.02209336,0
84,z578,Ramicane,Male,11,16,45,30.63869575,0
85,j913,Ramicane,Female,4,17,0,45.0,0
86,j913,Ramicane,Female,4,17,5,44.01490022,0
87,j913,Ramicane,Female,4,17,10,44.49716216,0
88,j913,Ramicane,Female,4,17,15,45.25253427,0
89,j913,Ramicane,Female,4,17,20,42.16834132,0
90,j913,Ramicane,Female,4,17,25,37.86066936,0
91,j913,Ramicane,Female,4,17,30,34.75724046,0
92,j913,Ramicane,Female,4,17,35,35.17014843,0
93,j913,Ramicane,Female,4,17,40,31.00186078,1
94,j913,Ramicane,Female,4,17,45,31.56046955,1
105,n364,Ramicane,Male,4,17,0,45.0,0
106,n364,Ramicane,Male,4,17,5,45.52187471,0
107,n364,Ramicane,Male,4,17,10,40.3751382,0
108,n364,Ramicane,Male,4,17,15,36.94027399,0
109,n364,Ramicane,Male,4,17,20,37.4788685,0
110,n364,Ramicane,Male,4,17,25,33.20500824,0
111,n364,Ramicane,Male,4,17,30,33.817758000000005,0
112,n364,Ramicane,Male,4,17,35,34.48752204,1
113,n364,Ramicane,Male,4,17,40,34.95473311,1
114,n364,Ramicane,Male,4,17,45,31.09533505,1
145,c758,Ramicane,Male,9,17,0,45.0,0
146,c758,Ramicane,Male,9,17,5,45.5786783,0
147,c758,Ramicane,Male,9,17,10,46.28799223,0
148,c758,Ramicane,Male,9,17,15,46.94094512,1
149,c758,Ramicane,Male,9,17,20,43.1263114,1
150,c758,Ramicane,Male,9,17,25,43.602267299999994,1
151,c758,Ramicane,Male,9,17,30,44.11827028,1
152,c758,Ramicane,Male,9,17,35,37.80238546,1
153,c758,Ramicane,Male,9,17,40,32.83318858,1
154,c758,Ramicane,Male,9,17,45,33.39765251,1
165,a644,Ramicane,Female,7,17,0,45.0,0
166,a644,Ramicane,Female,7,17,5,45.55015754,0
167,a644,Ramicane,Female,7,17,10,46.38071258,0
168,a644,Ramicane,Female,7,17,15,46.91089166,0
169,a644,Ramicane,Female,7,17,20,45.86506461,0
170,a644,Ramicane,Female,7,17,25,41.48122408,0
171,a644,Ramicane,Female,7,17,30,37.21112063,0
172,a644,Ramicane,Female,7,17,35,35.12863083,0
173,a644,Ramicane,Female,7,17,40,35.77945086,0
174,a644,Ramicane,Female,7,17,45,32.97852192,1
175,i177,Ramicane,Male,10,18,0,45.0,0
176,i177,Ramicane,Male,10,18,5,44.06539783,0
177,i177,Ramicane,Male,10,18,10,41.02092924,0
178,i177,Ramicane,Male,10,18,15,40.33093479,0
179,i177,Ramicane,Male,10,18,20,35.34536136,0
180,i177,Ramicane,Male,10,18,25,34.0821803,1
181,i177,Ramicane,Male,10,18,30,34.71147302,1
182,i177,Ramicane,Male,10,18,35,35.1521662,1
183,i177,Ramicane,Male,10,18,40,35.55793279,2
184,i177,Ramicane,Male,10,18,45,33.56240217,3
185,j989,Ramicane,Male,8,19,0,45.0,0
186,j989,Ramicane,Male,8,19,5,45.62071835,1
187,j989,Ramicane,Male,8,19,10,46.34383237,1
188,j989,Ramicane,Male,8,19,15,41.12835439,1
189,j989,Ramicane,Male,8,19,20,41.63534426,1
190,j989,Ramicane,Male,8,19,25,39.93411249,1
191,j989,Ramicane,Male,8,19,30,34.67178107,1
192,j989,Ramicane,Male,8,19,35,35.1155898,1
193,j989,Ramicane,Male,8,19,40,35.50119014,1
194,j989,Ramicane,Male,8,19,45,36.13485243,1
205,a520,Ramicane,Male,13,21,0,45.0,0
206,a520,Ramicane,Male,13,21,5,38.72370695,0
207,a520,Ramicane,Male,13,21,10,36.42938781,0
208,a520,Ramicane,Male,13,21,15,35.590253999999995,0
209,a520,Ramicane,Male,13,21,20,35.94774514,0
210,a520,Ramicane,Male,13,21,25,36.55858129,1
211,a520,Ramicane,Male,13,21,30,36.94770981,1
212,a520,Ramicane,Male,13,21,35,37.62471026,1
213,a520,Ramicane,Male,13,21,40,38.25972497,1
214,a520,Ramicane,Male,13,21,45,38.81036633,1
225,r811,Ramicane,Male,9,19,0,45.0,0
226,r811,Ramicane,Male,9,19,5,45.62580225,0
227,r811,Ramicane,Male,9,19,10,39.453903000000004,0
228,r811,Ramicane,Male,9,19,15,40.02229235,0
229,r811,Ramicane,Male,9,19,20,40.7728027,0
230,r811,Ramicane,Male,9,19,25,37.61401068,0
231,r811,Ramicane,Male,9,19,30,38.24206639,0
232,r811,Ramicane,Male,9,19,35,36.00302016,1
233,r811,Ramicane,Male,9,19,40,36.5200329,1
234,r811,Ramicane,Male,9,19,45,37.22565033,1
245,i334,Ramicane,Female,8,20,0,45.0,0
246,i334,Ramicane,Female,8,20,5,41.02051821,0
247,i334,Ramicane,Female,8,20,10,41.63124731,0
248,i334,Ramicane,Female,8,20,15,39.15800115,0
249,i334,Ramicane,Female,8,20,20,39.687831700000004,0
250,i334,Ramicane,Female,8,20,25,38.24881732,1
251,i334,Ramicane,Female,8,20,30,39.00555435,1
252,i334,Ramicane,Female,8,20,35,39.7695521,2
253,i334,Ramicane,Female,8,20,40,40.44237037,2
254,i334,Ramicane,Female,8,20,45,36.37451039,2
255,q610,Ramicane,Female,18,21,0,45.0,0
256,q610,Ramicane,Female,18,21,5,45.62949421,0
257,q610,Ramicane,Female,18,21,10,44.99148471,0
258,q610,Ramicane,Female,18,21,15,45.88902756,0
259,q610,Ramicane,Female,18,21,20,46.58543347,0
260,q610,Ramicane,Female,18,21,25,40.14645019,0
261,q610,Ramicane,Female,18,21,30,40.66834256,1
262,q610,Ramicane,Female,18,21,35,36.56165229,2
263,d251,Ramicane,Female,8,19,0,45.0,0
264,d251,Ramicane,Female,8,19,5,41.74635495,1
265,d251,Ramicane,Female,8,19,10,42.43225791,1
266,d251,Ramicane,Female,8,19,15,39.47278744,1
267,d251,Ramicane,Female,8,19,20,37.65209085,1
268,d251,Ramicane,Female,8,19,25,38.09751328,1
269,d251,Ramicane,Female,8,19,30,38.71825638,2
270,d251,Ramicane,Female,8,19,35,37.70852942,2
271,d251,Ramicane,Female,8,19,40,38.26540379,2
272,d251,Ramicane,Female,8,19,45,37.31123552,2
283,c458,Ramicane,Female,23,20,0,45.0,0
284,c458,Ramicane,Female,23,20,5,45.72227949,0
285,c458,Ramicane,Female,23,20,10,44.45437828,1
286,c458,Ramicane,Female,23,20,15,45.10742313,2
287,c458,Ramicane,Female,23,20,20,39.50513508,2
288,c458,Ramicane,Female,23,20,25,37.75314964,2
289,c458,Ramicane,Female,23,20,30,38.34200823,2
318,a411,Ramicane,Male,3,22,0,45.0,0
319,a411,Ramicane,Male,3,22,5,45.46667714,0
320,a411,Ramicane,Male,3,22,10,40.75978762,1
321,a411,Ramicane,Male,3,22,15,41.48416885,1
322,a411,Ramicane,Male,3,22,20,38.08737318,1
323,a411,Ramicane,Male,3,22,25,38.701438399999994,1
324,a411,Ramicane,Male,3,22,30,39.13073724,1
325,a411,Ramicane,Male,3,22,35,39.71723589,1
326,a411,Ramicane,Male,3,22,40,40.25881765,1
327,a411,Ramicane,Male,3,22,45,38.407618299999996,1
391,e662,Ramicane,Male,8,24,0,45.0,0
392,e662,Ramicane,Male,8,24,5,45.81628252,0
393,e662,Ramicane,Male,8,24,10,46.40908385,0
394,e662,Ramicane,Male,8,24,15,43.55377339,0
395,e662,Ramicane,Male,8,24,20,44.0012958,0
396,e662,Ramicane,Male,8,24,25,44.66459432,1
397,e662,Ramicane,Male,8,24,30,45.35023242,1
398,e662,Ramicane,Male,8,24,35,43.22027636,1
399,e662,Ramicane,Male,8,24,40,44.00672385,2
400,e662,Ramicane,Male,8,24,45,40.65900627,2
401,u196,Ramicane,Male,18,25,0,45.0,0
402,u196,Ramicane,Male,18,25,5,45.55746444,1
403,u196,Ramicane,Male,18,25,10,46.42294306,1
404,u196,Ramicane,Male,18,25,15,47.22717065,1
405,u196,Ramicane,Male,18,25,20,46.10536303,1
406,u196,Ramicane,Male,18,25,25,46.70532539999999,1
407,u196,Ramicane,Male,18,25,30,47.62281636,2
408,u196,Ramicane,Male,18,25,35,47.00146542,2
409,u196,Ramicane,Male,18,25,40,43.45368679,2
410,u196,Ramicane,Male,18,25,45,40.66771292,3
411,q597,Ramicane,Male,20,25,0,45.0,0
412,q597,Ramicane,Male,20,25,5,45.76611104,0
413,q597,Ramicane,Male,20,25,10,42.53798598,0
414,q597,Ramicane,Male,20,25,15,41.39566036,0
415,q597,Ramicane,Male,20,25,20,41.9255866,0
416,q597,Ramicane,Male,20,25,25,42.57570709,1
417,q597,Ramicane,Male,20,25,30,43.33916123,1
418,q597,Ramicane,Male,20,25,35,43.80720142,1
419,q597,Ramicane,Male,20,25,40,44.47182121,2
420,q597,Ramicane,Male,20,25,45,45.22086888,2
421,a444,Ramicane,Female,10,25,0,45.0,0
422,a444,Ramicane,Female,10,25,5,44.00597487,0
423,a444,Ramicane,Female,10,25,10,44.51255951,0
424,a444,Ramicane,Female,10,25,15,43.00127957,0
425,a444,Ramicane,Female,10,25,20,41.71461874,0
426,a444,Ramicane,Female,10,25,25,42.29139437,0
427,a444,Ramicane,Female,10,25,30,42.78627835,0
428,a444,Ramicane,Female,10,25,35,41.73595083,0
429,a444,Ramicane,Female,10,25,40,42.50492554,0
430,a444,Ramicane,Female,10,25,45,43.04754260000001,0
441,r921,Ramicane,Female,5,25,0,45.0,0
442,r921,Ramicane,Female,5,25,5,45.56821083,0
443,r921,Ramicane,Female,5,25,10,42.71192694,0
444,r921,Ramicane,Female,5,25,15,43.52726054,0
445,r921,Ramicane,Female,5,25,20,44.13631588,0
446,r921,Ramicane,Female,5,25,25,42.65534089,1
447,r921,Ramicane,Female,5,25,30,43.41938077,1
448,w678,Ramicane,Female,5,24,0,45.0,0
449,w678,Ramicane,Female,5,24,5,43.16637266,0
450,y449,Ramicane,Male,19,24,0,45.0,0
451,y449,Ramicane,Male,19,24,5,45.87754494,0
452,y449,Ramicane,Male,19,24,10,46.37809248,0
453,y449,Ramicane,Male,19,24,15,44.18345092,0
